Director_ID,Director_Name
1,MortenTyldum
2,RidleyScott
3,RobMinkoff
4,IvanReitman
5,GeorgeMiller
6,GarthJennings
7,RicardodeMontreuil
8,JonLucas
9,TheaSharrock
10,ShawnBurkett
11,JossWhedon
12,DamienChazelle
13,JohnLeeHancock
14,MartinScorsese
15,DavidFrankel
16,ByronHoward
17,FedeAlvarez
18,ChristopheLourdelet
19,GregTiernan
20,JaredBush
21,BryanSinger
22,SamTaylor-Johnson
23,SeanPenn
24,MatthewVaughn
25,ScottDerrickson
26,ColinTrevorrow
27,JohnMusker
28,NachoVigalondo
29,MelGibson
30,LoneScherfig
31,RobertZemeckis
32,JoeRusso
33,PaulGreengrass
34,TateTaylor
35,DavidFincher
36,JonathanDemme
37,RonClements
38,GavinO'Connor
39,MichaelBay
40,TerryGeorge
41,RobMarshall
42,ChadStahelski
43,ScottMoore
44,AnthonyRusso
45,RichMoore
46,ConradVernon
47,JamesGray
48,ChristopherNolan
49,RolandEmmerich
50,DavidLeitch
51,M.NightShyamalan
52,PaulW.S.Anderson
53,BenAffleck
54,JohnMadden
55,GoreVerbinski
56,SeanFoley
57,JustinKurzel
58,AndréØvredal
59,DuncanJones
60,KennethLonergan
61,TheodoreMelfi
62,PeterBerg
63,WaltDohrn
64,BenYoung
65,OlivierAssayas
66,TomFord
67,DavidYates
68,GasparNoé
69,DavidAyer
70,AntoineFuqua
71,JustinLin
72,J.A.Bayona
73,BarryJenkins
74,ShaneBlack
75,JamesGunn
76,ZackSnyder
77,RogerAllers
78,JamesCameron
79,ClintEastwood
80,DenisVilleneuve
81,RobinSwicord
82,ToddPhillips
83,AnnaFoerster
84,DonHall
85,PhillipGuzman
86,TimMiller
87,MattRoss
88,YimouZhang
89,JohnHamburg
90,J.J.Abrams
91,CharlesChaplin
92,ChrisRenaud
93,MikeMitchell
94,QuentinTarantino
95,GarryMarshall
96,GarethEdwards
